"","subgroup","event_rate","FU.duration"
"1","Naive",0.103266090297791,47.8328530259366
"2","Exposed",0.0710186513629842,47.7847919655667
